"","SampleID","SiteID","LocationName","State","Latitude","Longitude","Date","Survey","DRN_SQKM","Slope_prcnt","pH","WaterTemperature_C","Conductivity_uS_cm","TotalPhosphorus_ug_L","Elevation_m","Nitrate_ug_L","bio1","bio2","bio3","bio4","bio5","bio6","bio7","bio8","bio9","bio10","bio11","bio12","bio13","bio14","bio15","bio16","bio17","bio18","bio19","openWater","developedOpenSpace","developedLowIntensity","developedMedIntensity","developedHighIntensity","barrenLand","deciduousForest","evergreenForest","mixedForest","shrubScrub","grasslandHerbaceous","pastureHay","cultivatedCrops","woodyWetlands","emergentHerbaceousWetlands","DRN_SQKM_CST","Slope_prcnt_CST","pH_CST","WaterTemperature_C_CST","Conductivity_uS_cm_CST","TotalPhosphorus_ug_L_CST","Elevation_m_CST","Nitrate_ug_L_CST","bio1_CST","bio2_CST","bio3_CST","bio4_CST","bio5_CST","bio6_CST","bio7_CST","bio8_CST","bio9_CST","bio10_CST","bio11_CST","bio12_CST","bio13_CST","bio14_CST","bio15_CST","bio16_CST","bio17_CST","bio18_CST","bio19_CST","openWater_CST","developedOpenSpace_CST","developedLowIntensity_CST","developedMedIntensity_CST","developedHighIntensity_CST","barrenLand_CST","deciduousForest_CST","evergreenForest_CST","mixedForest_CST","shrubScrub_CST","grasslandHerbaceous_CST","pastureHay_CST","cultivatedCrops_CST","woodyWetlands_CST","emergentHerbaceousWetlands_CST","HUC2"
"NRSA-11887","NRSA-11887","FW08SD020","Big Creek near Oacoma SD","SD",43.82175326,-99.45185123,"9/19/2008","NRSA",58.134,0.35,8.06,14.9,2559.66,5.755,482.8,2.56,82,148.8,31,11177.6,320.2,-150.8,471,196,-66,223.2,-66,496.2,81.8,9,60.2,228.2,32.6,206,32.6,0,0.011751218,0.030094583,0.002579536,0,0,0.002866151,0.002006306,0,0,0.946402981,0,0.004299226,0,0,-0.13325349,-0.267355775,0.330320871,-1.065555596,2.326744787,-0.345765268,-0.104500168,-0.403626719,-0.558908308,0.930405476,-0.650224052,1.546264661,0.693010147,-1.18004218,1.788467131,0.552096735,-1.03412522,0.217699528,-0.990493004,-1.040745941,-0.614556098,-1.184269117,1.429469115,-0.57264307,-1.24998731,-0.347383656,-1.09817963,-0.3984228,-0.631674171,-0.211436386,-0.354377274,-0.274290037,-0.218967894,-0.691686294,-0.445713473,-0.56549542,-0.454457863,4.334403101,-0.605846568,-0.622943824,-0.569382491,-0.339942774,"HUC-10"
"NRSA-11889","NRSA-11889","FW08SD022","Tributary to High Bank Creek","SD",45.50981053,-101.0847823,"9/10/2008","NRSA",69.966,0.13,8.46,13.1,833.79,145.0888,647.6,4.49,67.4,133.6,28,11326,301.6,-160.4,462,184,-83.6,210.2,-83.6,436.2,79,8,62.2,203.4,31.2,180,31.2,0.003147353,0.034620887,0.000286123,0,0,0,0,0,0,0,0.903004292,0.003433476,0.05379113,0.001716738,0,-0.133164138,-0.522916667,0.98860746,-1.418944051,0.312155483,-0.015364396,0.159440157,-0.402782272,-0.893150695,0.117015486,-1.159988602,1.637321636,0.08874853,-1.336992961,1.616333385,0.392213041,-1.193548401,-0.139482719,-1.291823904,-1.199562426,-0.675950299,-1.220003766,1.533035061,-0.764581464,-1.265459647,-0.600089793,-1.107518929,-0.362512128,-0.334412185,-0.537719007,-0.388488876,-0.274290037,-0.218967894,-0.706159125,-0.457025658,-0.56549542,-0.454457863,4.114018797,-0.580488142,-0.426017085,-0.558574196,-0.339942774,"HUC-10"
"NRSA-11891","NRSA-11891","FW08SD027","Grand River","SD",45.72849972,-101.9843776,"8/6/2008","NRSA",8592.916,0.24,8.71,21.9,1676.33,433.2419,670.4,185.38,68.8,143.6,30,11169.6,307.4,-159,466.4,183.4,-79.4,210.4,-79.4,414,79.8,8.2,66.4,203.2,29.2,174.2,29.2,0.008025222,0,0,0,0,0.002866151,0.004872456,0,0,0,0.851246776,0.121524792,0,0.002292921,0.009171682,-0.068800694,-0.395136221,1.400036578,0.308732844,1.295643273,0.667930221,0.195956173,-0.323636129,-0.861100055,0.652140479,-0.820145569,1.54135593,0.277174196,-1.314104306,1.700487661,0.384218856,-1.155504233,-0.133987607,-1.219915393,-1.258324526,-0.658409099,-1.212856836,1.750523546,-0.766129354,-1.287562984,-0.656462701,-1.120860783,-0.306856613,-0.784417544,-0.540850902,-0.388488876,-0.274290037,-0.030037029,-0.681555316,-0.457025658,-0.56549542,-0.454457863,3.851187259,0.291692103,-0.64005031,-0.554946644,-0.188379992,"HUC-10"
"NRSA-11893","NRSA-11893","FW08SD039","Oak Creek near Mahto  SD","SD",45.76411077,-100.6831275,"9/24/2008","NRSA",673.712,0.21,8.39,14.2,703.91,20.4125,586,0,65,137,28.4,11573.6,301,-171.2,472.2,183.8,-90.2,210.2,-90.2,418.4,75.8,8.8,61.6,191.4,30,175.2,30,0,0.018322359,0.002576582,0,0,0,0.000572574,0,0,0,0.749785285,0.06384197,0.070712854,0.074148297,0.02004008,-0.128604781,-0.429985434,0.873407307,-1.202984439,0.160547969,-0.311008083,0.060782851,-0.404746815,-0.948094649,0.298957984,-1.092019995,1.789246884,0.06925622,-1.51356259,1.811418298,0.389548313,-1.253332094,-0.139482719,-1.404822991,-1.246677984,-0.746115099,-1.191416046,1.501965277,-0.85745488,-1.278721649,-0.646743234,-1.115524041,-0.3984228,-0.546261897,-0.512647703,-0.388488876,-0.274290037,-0.218967894,-0.703267872,-0.457025658,-0.56549542,-0.454457863,3.335952339,-0.1343326,-0.358686074,-0.102557234,-0.008778842,"HUC-10"
"NRSA-11895","NRSA-11895","FW08SD023","Grand River near Little Eagle SD","SD",45.65635515,-100.85083,"9/9/2008","NRSA",13655.317,0.4,8.78,11.4,2236.48,155.595,548,0,68.67,137.83,29,11516.67,305.17,-166.33,471.5,187,-86,213.33,-86,416.17,75.67,8,62.17,191.67,29,173.5,29,0.01319564,0,0,0,0,0.001434309,0.004876649,0,0,0,0.78800918,0,0,0.090361446,0.102122777,-0.030570555,-0.209273754,1.515236731,-1.752699815,1.949500284,0.009548853,-7.72e-05,-0.404746815,-0.864076186,0.343373358,-0.990067085,1.754315122,0.204727776,-1.433942767,1.798030117,0.432183964,-1.215287925,-0.053484224,-1.332914481,-1.252580663,-0.748965544,-1.220003766,1.531481572,-0.855365228,-1.289773318,-0.663266328,-1.122194969,-0.247863172,-0.784417544,-0.540850902,-0.388488876,-0.274290037,-0.124421152,-0.681534144,-0.457025658,-0.56549542,-0.454457863,3.530058352,-0.605846568,-0.64005031,-0.000481964,1.347644318,"HUC-10"
"NRSA-11897","NRSA-11897","FW08SD043","South Fork Grand River","SD",45.62072484,-102.3781605,"9/12/2008","NRSA",3840.371,0.3,8.91,14.3,2522.21,127.9775,739,0,68.4,146.6,31,10914.4,306.2,-155.6,461.8,180,-75.2,207.4,-75.2,413.4,79.2,8.6,66.2,202,29.6,171,29.6,0.001432254,0,0,0,0,0,0.005729017,0.001718705,0,0.006015468,0.877971928,0.101117158,0,0,0.006015468,-0.104690869,-0.325437796,1.729179873,-1.183351747,2.283029809,-0.055940254,0.305824536,-0.404746815,-0.870257381,0.812677977,-0.650224052,1.384767386,0.238189575,-1.258517571,1.612508191,0.338918476,-1.117460065,-0.21641428,-1.148006883,-1.259912691,-0.671564999,-1.198562976,1.740166952,-0.775416696,-1.283142317,-0.687564995,-1.118192412,-0.382081067,-0.784417544,-0.540850902,-0.388488876,-0.274290037,-0.218967894,-0.677230052,-0.447335058,-0.56549542,-0.425187801,3.986901129,0.140968614,-0.64005031,-0.569382491,-0.240536682,"HUC-10"
"NRSA-11901","NRSA-11901","FW08SD052","Elm Creek near New Underwood","SD",44.39508619,-102.8050839,"8/27/2008","NRSA",1013.618,0.33,7.98,19.9,3934.01,25.3406,770.2,0,83,145.2,32,10393.2,313.2,-133.2,446.4,188.2,-38,217,-51.8,403.6,77.8,8.2,65.8,199,30.4,165.6,30.4,0.002862049,0.009444762,0.009444762,0.000286205,0,0,0.000858615,0,0,0.002575844,0.96393818,0,0,0.00171723,0.008872353,-0.126037885,-0.290588583,0.198663553,-0.083920996,3.931008614,-0.299322127,0.355793821,-0.404746815,-0.536014994,0.737760478,-0.480302536,1.064963512,0.465599861,-0.892299081,1.317968225,0.448172334,-0.780497433,0.047351072,-0.747373755,-1.285852717,-0.702262099,-1.212856836,1.719453763,-0.79863505,-1.274300982,-0.740050115,-1.112855671,-0.36576739,-0.66165369,-0.437468785,-0.384704122,-0.274290037,-0.218967894,-0.701823488,-0.457025658,-0.56549542,-0.441924322,4.423449169,-0.605846568,-0.64005031,-0.558571098,-0.193326428,"HUC-10"
"NRSA-11920","NRSA-11920","FW08SD061","Medicine Creek","SD",43.91601196,-99.81948746,"9/17/2008","NRSA",1194.218,0.17,8.01,13.4,2384.41,51.3613,517.33,0,81.67,150.5,31,11240,323.17,-151.33,474.5,196.33,-66.83,223.83,-66.83,476.83,80.33,8.5,61.67,222,30.67,200.83,30.67,0.00171969,0.014330754,0,0,0,0,0.013184293,0,0,0.000286615,0.664087131,0,0.30266552,0.002006306,0.00171969,-0.124674034,-0.47645105,0.248035047,-1.360045975,2.122177366,-0.237619497,-0.049197623,-0.404746815,-0.566463102,1.021376725,-0.650224052,1.584552769,0.789497083,-1.188707171,1.855408033,0.556493537,-1.041643472,0.235009129,-1.004703495,-1.092017197,-0.646788053,-1.202136441,1.505590085,-0.620627669,-1.271317031,-0.3976333,-1.11105452,-0.378801479,-0.598145133,-0.540850902,-0.388488876,-0.274290037,-0.218967894,-0.639584112,-0.457025658,-0.56549542,-0.453063251,2.900765736,-0.605846568,0.564246336,-0.556751124,-0.311524758,"HUC-10"
"NRSA-11957","NRSA-11957","FW08ND026","Deep Creek","ND",46.4179424,-103.5123702,"7/1/2008","NRSA",498.807,0.35,8.82,20.4,3704,30.7675,858.67,0,58.5,142.5,31,10702.5,292.33,-161,453.33,168.33,-82.5,195.33,-82.5,384.83,82,8.67,69,196.17,29,169.83,29,0,0.014318442,0,0,0,0,0,0,0,0.453321879,0.531500573,0,0.000859107,0,0,-0.129925625,-0.267355775,1.58106539,0.014242464,3.66252044,-0.286453373,0.497485572,-0.404746815,-1.096901192,0.59327673,-0.650224052,1.254747354,-0.212407663,-1.346802385,1.45051121,0.183431583,-1.183584452,-0.548044258,-1.272990722,-1.335535807,-0.610170798,-1.196061551,1.885159276,-0.820537697,-1.289773318,-0.698936771,-1.122194969,-0.3984228,-0.598305166,-0.540850902,-0.388488876,-0.274290037,-0.218967894,-0.706159125,-0.457025658,-0.56549542,1.751315568,2.227473593,-0.605846568,-0.63663195,-0.569382491,-0.339942774,"HUC-10"
"NRSA-11959","NRSA-11959","FW08ND049","Missouri River","ND",47.28029297,-101.1779302,"9/23/2008","NRSA",474095.908,0.25,7.83,17,662.58,6.2738,537.6,59.37,51.8,135.4,28,11820,289.8,-186.8,476.6,172.8,-108.6,197.8,-108.6,430.2,84,10,64.6,203.4,33,195,33,0.308659617,0.008573878,0.000285796,0.000285796,0,0.000285796,0.013718205,0,0.00142898,0,0.200628751,0.034295513,0.192340669,0.140040011,0.099456988,3.446575504,-0.383519817,-0.048193918,-0.653269064,0.112303909,-0.344535043,-0.016733604,-0.378770218,-1.250286397,0.213337985,-1.159988602,1.940435822,-0.294600237,-1.76860761,1.895572573,0.242988259,-1.420001782,-0.480179631,-1.71985075,-1.215444075,-0.566317798,-1.148534468,1.657314195,-0.764581464,-1.245566643,-0.454297791,-1.09551126,3.123322037,-0.672973518,-0.537722586,-0.38470953,-0.274290037,-0.200128801,-0.636888086,-0.457025658,-0.549255737,-0.454457863,0.547262556,-0.352552169,0.125267201,0.312285959,1.303591941,"HUC-10"
"NRSA-11975","NRSA-11975","FW08ND001","Cannonball River","ND",46.38958696,-100.8727989,"8/20/2008","NRSA",10691.596,0.27,8.81,20.7,1132.7,143.1119,536.8,0,58.6,148,30,11629,300.6,-184.8,485.4,178,-97.6,203.8,-97.6,399,76.6,9,65.6,191.2,27,179,27,0.05362776,0,0,0,0,0,0.007743046,0,0,0,0.796386579,0.035847433,0.002867795,0.083452825,0.020074563,-0.052951924,-0.360287008,1.564608226,0.07314054,0.661069879,-0.0200522,-0.018014867,-0.404746815,-1.09461186,0.887595476,-0.820145569,1.823239851,0.056261347,-1.73590953,2.063881125,0.312271194,-1.320362294,-0.315326287,-1.531518937,-1.298028647,-0.728573899,-1.184269117,1.709097168,-0.85900277,-1.311876655,-0.60980926,-1.135536823,0.213459275,-0.784417544,-0.540850902,-0.388488876,-0.274290037,-0.218967894,-0.667060071,-0.457025658,-0.56549542,-0.454457863,3.572599896,-0.341090243,-0.628639444,-0.043977484,-0.008209008,"HUC-10"
"NRSA-11982","NRSA-11982","FW08ND005","Heart River","ND",46.58915632,-101.733273,"9/3/2008","NRSA",4797.984,0.18,8.59,12.2,1630.1,29.9775,642.33,0,56.67,139.5,29,11334.83,292.5,-174.33,466.83,172.83,-95.33,198.33,-95.33,424.17,84.83,9,67.17,207,28.5,189.17,28.5,0.042120344,0,0,0,0,0.007163324,0.035243553,0,0,0.008882521,0.826361032,0,0.06017192,0.008882521,0.011174785,-0.097459186,-0.464834646,1.202550602,-1.595638279,1.241679496,-0.288326692,0.150999832,-0.404746815,-1.138795957,0.432739232,-0.990067085,1.642739648,-0.206884841,-1.564735084,1.708711829,0.243387968,-1.299800327,-0.465617586,-1.4926541,-1.231405132,-0.548118803,-1.184269117,1.790396436,-0.736719439,-1.295299152,-0.510962283,-1.125530432,0.082161947,-0.784417544,-0.540850902,-0.388488876,-0.274290037,0.253223905,-0.52819433,-0.457025658,-0.56549542,-0.411237295,3.724814148,-0.605846568,-0.400628121,-0.513459627,-0.155278554,"HUC-10"
"NRSA-11984","NRSA-11984","FW08ND006","Little Missouri River","ND",46.90918389,-103.5472657,"9/29/2008","NRSA",16008.226,0.3,8.52,9.5,2087.21,57.683,740.8,0,62.6,150.4,31.8,10885,302.8,-164.8,467.6,174.6,-81.6,201,-81.6,382,80.2,8,69.2,191.2,29,168,29,0.048424069,0.004297994,0.001146132,0,0,0.005730659,0.032378223,0.048424069,0.00487106,0.418911175,0.428653295,0,0,0.006303725,0.000859599,-0.012801904,-0.325437796,1.087350448,-2.125720963,1.775259034,-0.222628912,0.30870738,-0.404746815,-1.003038603,1.016025475,-0.514286839,1.366727797,0.127733151,-1.408928736,1.723438827,0.266970813,-1.17543213,-0.392257847,-1.257581756,-1.343026651,-0.649638499,-1.220003766,1.89551587,-0.85900277,-1.289773318,-0.716723395,-1.122194969,0.154086196,-0.728551837,-0.528305371,-0.388488876,-0.274290037,0.158785532,-0.542663015,-0.183995507,-0.510138124,1.583879977,1.705201462,-0.605846568,-0.64005031,-0.529695294,-0.325737831,"HUC-10"
"NRSA-11985","NRSA-11985","FW08ND010","Spring Creek","ND",47.30457885,-102.1929032,"7/21/2008","NRSA",913.321,0.24,9.43,28.8,2440.8,194.8663,637.8,190.06,52.8,134.2,28,11363.8,286,-179.4,465.4,168.8,-99.4,194.2,-99.4,429.6,88.2,11,65.8,208.6,33,192.2,33,0,0.086132644,0.041917887,0.003445306,0,0,0.008039047,0,0,0.428940568,0.307206431,0.053689348,0.062015504,0.006029285,0.002583979,-0.126795306,-0.395136221,2.584952439,1.663388591,2.1880008,0.102672501,0.143744677,-0.321588454,-1.227393083,0.149122986,-1.159988602,1.660515393,-0.418051535,-1.647624716,1.681361689,0.189693694,-1.336666938,-0.579091638,-1.56233687,-1.21703224,-0.474226498,-1.112799819,1.719453763,-0.724336317,-1.245566643,-0.481512298,-1.09551126,-0.3984228,0.3351422,-0.08201881,-0.342928392,-0.274290037,-0.218967894,-0.665565393,-0.457025658,-0.56549542,1.632680994,1.088478164,-0.209316237,-0.393292558,-0.531423122,-0.297242313,"HUC-10"
"NRSA-11986","NRSA-11986","FW08ND012","Cedar Creek","ND",46.03088497,-101.6170808,"8/19/2008","NRSA",3720.032,0.23,8.98,22.7,2567.06,165.6688,652.6,0,63.4,139.6,29,11315.4,301.2,-166,467.2,179.6,-87.6,205.8,-87.6,409,80.8,7,69.4,202.4,24.4,179.6,24.4,0.001432665,0,0,0,0,0,0.001432665,0,0,0,0.644985673,0.10773639,0.205444126,0.030372493,0.008595989,-0.105599642,-0.406752625,1.844380026,0.465794379,2.335382727,0.033436756,0.167448055,-0.404746815,-0.984723952,0.438090482,-0.990067085,1.630817566,0.075753657,-1.428547584,1.715788439,0.333589019,-1.229780942,-0.260375172,-1.360308199,-1.271559233,-0.636482598,-1.255738415,1.905872465,-0.772320915,-1.340610994,-0.60397758,-1.152881234,-0.382076377,-0.784417544,-0.540850902,-0.388488876,-0.274290037,-0.218967894,-0.698924783,-0.457025658,-0.56549542,-0.454457863,2.803765996,0.189855895,0.177405447,-0.378162363,-0.197893365,"HUC-10"
"NRSA-11988","NRSA-11988","FW08ND015","Green River","ND",46.99020188,-102.8888491,"7/9/2008","NRSA",605.282,0.14,8.65,18.6,1636,177.1763,774.8,0,53.4,136.8,29.8,10876,282.8,-172.6,455.4,163.8,-90.6,190.2,-90.6,414.2,88.4,9,68.4,205.4,29,188,29,0,0.048220436,0.008897819,0.003444317,0,0,0.000287026,0,0,0.179965557,0.127152698,0.042192882,0.589839265,0,0,-0.129121549,-0.511300263,1.30129359,-0.339145992,1.248566502,0.060724377,0.363161088,-0.404746815,-1.213657094,0.288255484,-0.854129872,1.361205474,-0.522010523,-1.536451246,1.490101971,0.123075488,-1.256955348,-0.688993868,-1.41167142,-1.257795138,-0.469841198,-1.184269117,1.854089492,-0.749102561,-1.289773318,-0.522334059,-1.122194969,-0.3984228,-0.157644042,-0.443455609,-0.342941471,-0.274290037,-0.218967894,-0.704709767,-0.457025658,-0.56549542,0.421218478,0.174141405,-0.294225025,1.706901694,-0.569382491,-0.339942774,"HUC-10"
"NRSA-11989","NRSA-11989","FW08ND017","Spring Creek","ND",47.25584742,-101.8083965,"7/17/2008","NRSA",1505.976,0.21,8.48,20.5,1713,40.5675,575,0,56.17,138.17,29,11432,293.33,-176.67,470,172.67,-97.83,198.33,-97.83,426.5,85.83,9.83,65.67,207,31,191,31,0.000861326,0.036749928,0.005742176,0,0.000287109,0,0,0,0,0.114556417,0.301177146,0.002583979,0.442721792,0.073212748,0.022107379,-0.122319706,-0.429985434,1.021521789,0.033875156,1.338447766,-0.263214729,0.043165475,-0.404746815,-1.150242614,0.361567608,-0.990067085,1.702362332,-0.179920479,-1.602991837,1.76934116,0.241256186,-1.322445666,-0.465617586,-1.535456784,-1.225237758,-0.526192303,-1.154609358,1.712721976,-0.736719439,-1.26766998,-0.493175658,-1.108853114,-0.388595242,-0.306738722,-0.477997194,-0.388488876,-0.267606601,-0.218967894,-0.706159125,-0.457025658,-0.56549542,0.102950709,1.057860654,-0.586762223,1.121525866,-0.108447294,0.02538344,"HUC-10"
"NRSA-12015","NRSA-12015","FW08ND021","Knife River","ND",47.12957903,-102.2341885,"7/23/2008","NRSA",2078.482,0.23,8.14,21.8,692.98,976.256,618.67,354.2,55.5,134.83,29,11296.33,287.67,-176.5,464.17,170.67,-95.5,196,-95.5,426.33,87.67,10.67,65.83,207.17,32.67,190.33,32.67,0,0.008309456,0.000573066,0,0,0.000859599,0.003151862,0,0,0.498280802,0.427507163,0.00286533,0.056160458,0,0.002292264,-0.117996267,-0.406752625,0.461978188,0.289100152,0.147789499,1.955574226,0.113106458,-0.249771062,-1.165581134,0.18283586,-0.990067085,1.619116377,-0.363797939,-1.600212501,1.657836744,0.214608903,-1.30134021,-0.529635635,-1.495564682,-1.225687738,-0.485847543,-1.124592253,1.721007252,-0.735403732,-1.249213694,-0.499687701,-1.097712666,-0.3984228,-0.676410498,-0.534578137,-0.388488876,-0.274290037,-0.16230487,-0.690243577,-0.457025658,-0.56549542,1.970076679,1.699381251,-0.584684265,-0.416589603,-0.569382491,-0.302062927,"HUC-10"
"NRSA-12016","NRSA-12016","FW08ND032","Badger Creek","ND",46.53464017,-100.4417819,"6/23/2008","NRSA",106.588,0.24,7.92,17.5,1249,1097.75,544,182.9,53.33,139.17,28,11855.83,291.5,-191.17,482.67,174.67,-106.83,200.17,-106.83,415.83,79,10.5,63.33,196.83,32.5,184.5,32.5,0,0.018343365,0.000286615,0,0,0,0,0,0,0,0.58612783,0,0.196617942,0,0.198624248,-0.132887576,-0.395136221,0.099920564,-0.555105604,0.796825606,2.243671755,-0.006483494,-0.324721221,-1.215259626,0.415080107,-1.159988602,1.962420805,-0.239372025,-1.840052913,2.011667222,0.267903468,-1.403968883,-0.41506256,-1.689546449,-1.253480623,-0.675950299,-1.130667143,1.59154982,-0.815429659,-1.251092477,-0.556352193,-1.098846723,-0.3984228,-0.545988859,-0.537713622,-0.388488876,-0.274290037,-0.218967894,-0.706159125,-0.457025658,-0.56549542,-0.454457863,2.504878056,-0.605846568,0.142286337,-0.569382491,2.942338876,"HUC-10"
"NRSA-12018","NRSA-12018","FW08ND034","North Fork Grand River","ND",45.95828509,-103.1202439,"6/30/2008","NRSA",1368.105,0.18,9.17,22.5,3260,95.3725,836.75,197.03,62.25,148.25,32,10648,298.5,-158,456.5,171.25,-77.75,198,-77.75,403,84,8,71.5,206.75,27,173.5,27,0.002004008,0.032350415,0.00543945,0,0,0,0,0,0,0.283423991,0.302318924,0.026910965,0.323504151,0.005725737,0.018322359,-0.123360878,-0.464834646,2.157066156,0.426528995,3.144244062,-0.13325617,0.462378947,-0.318538818,-1.011051263,0.900973601,-0.480302536,1.221306618,-0.011961739,-1.297755266,1.51114054,0.222336615,-1.140558309,-0.47468452,-1.191665622,-1.287440881,-0.566317798,-1.220003766,2.014616708,-0.738654302,-1.311876655,-0.663266328,-1.135536823,-0.375557467,-0.363923982,-0.481310825,-0.388488876,-0.274290037,-0.218967894,-0.706159125,-0.457025658,-0.56549542,0.924626488,1.063658754,-0.407091801,0.647162598,-0.53333421,-0.03716432,"HUC-10"
"NRSA-12020","NRSA-12020","FW08ND036","Cedar Creek","ND",46.05454691,-102.0750985,"8/5/2008","NRSA",2599.99,0.21,9.52,21.2,2293.64,42.2469,730.4,0,64.8,140.4,30,10972.8,299.2,-159.2,458.4,176.8,-80,203.8,-80,429.6,85,9.6,67,211.2,31.4,183.2,31.4,0.003436426,0.01489118,0.000286369,0,0,0,0.029209622,0,0.003436426,0.000859107,0.465635739,0.000286369,0.458476518,0.017754868,0.005727377,-0.114057953,-0.429985434,2.733066922,0.171304,2.016222531,-0.259232384,0.292050952,-0.404746815,-0.952673312,0.480900482,-0.820145569,1.420601128,0.010779289,-1.317374114,1.547479887,0.296282824,-1.160939114,-0.315326287,-1.230188038,-1.21703224,-0.544391298,-1.162828327,1.78159333,-0.704213743,-1.263249313,-0.5689875,-1.106184743,-0.359213863,-0.590860666,-0.537716314,-0.388488876,-0.274290037,-0.218967894,-0.558663088,-0.457025658,-0.526442062,-0.45027762,1.893003222,-0.603731549,1.184213428,-0.457600816,-0.245297409,"HUC-10"
"NRSA-12022","NRSA-12022","FW08ND040","Heart River","ND",46.77582075,-101.1706339,"7/7/2008","NRSA",7683.914,0.32,8.52,24.8,1627,53.2275,579.4,4.21,54,139.4,29,11522.2,290.8,-182.4,473.2,172,-101.4,197.2,-101.4,423.8,80.8,10,64.8,202,30.6,191.6,30.6,0.040114613,0,0,0,0,0,0.056733524,0,0,0.001432665,0.741547278,0.00286533,0.081375358,0.055873926,0.020057307,-0.075665277,-0.302204988,1.087350448,0.878080911,1.2380609,-0.233194195,0.050212425,-0.402904782,-1.199921106,0.427387982,-0.990067085,1.757708282,-0.262113054,-1.696671835,1.830544269,0.232329346,-1.354783209,-0.496664966,-1.596579018,-1.2323845,-0.636482598,-1.148534468,1.66767079,-0.775416696,-1.272090648,-0.487343978,-1.111521485,0.059276956,-0.784417544,-0.540850902,-0.388488876,-0.274290037,-0.218967894,-0.419679213,-0.457025658,-0.56549542,-0.447486802,3.294118645,-0.584684265,-0.316260304,-0.217609613,-0.008494165,"HUC-10"
"NRSA-12024","NRSA-12024","FW08ND022","Knife River","ND",47.16033766,-102.0420806,"8/13/2008","NRSA",3158.457,0.31,8.71,20.5,2138.8,193.2663,601.4,276.04,55.6,135.8,28.8,11359.8,290.2,-176.2,466.4,172,-96.8,197,-96.8,427,87,10.4,66,207.6,32.4,190.6,32.4,0.000572082,0,0,0,0,0,0.052345538,0,0,0.241990847,0.421910755,0.040331808,0.149599542,0.060640732,0.032608696,-0.109840533,-0.313821392,1.400036578,0.033875156,1.835479481,0.098878436,0.085447178,-0.283968987,-1.163291803,0.234742985,-1.024051389,1.658061028,-0.281605364,-1.595307789,1.700487661,0.232329346,-1.313115786,-0.502160077,-1.517822078,-1.223914287,-0.500538298,-1.134240608,1.729810357,-0.732075768,-1.252197644,-0.497063445,-1.099513816,-0.391895458,-0.784417544,-0.540850902,-0.388488876,-0.274290037,-0.218967894,-0.441836657,-0.457025658,-0.56549542,0.723021111,1.670961948,-0.307970252,-0.044798407,-0.187598601,0.198918547,"HUC-10"
"NRSA-12027","NRSA-12027","FW08ND024","Cannonball River","ND",46.22148997,-101.5025463,"8/12/2008","NRSA",3772.505,0.32,8.7,22.4,2112.31,67.3513,635,188.29,60,139.8,29,11394.2,297.6,-172,469.6,177,-92.6,202.8,-92.6,411.2,81.4,7,68.4,202.6,25,182.8,25,0.003151862,0.001719198,0.000573066,0,0,0,0.03495702,0.001432665,0.002292264,0.000286533,0.497994269,0.098567335,0.296275072,0.032378223,0.030372493,-0.105203378,-0.302204988,1.383579414,0.406896303,1.804557991,-0.199702567,0.139260254,-0.322362895,-1.06256122,0.448792982,-0.990067085,1.679168574,-0.041200205,-1.526641822,1.761690771,0.298947552,-1.275071618,-0.342801844,-1.445913568,-1.265735962,-0.623326698,-1.255738415,1.854089492,-0.770773025,-1.333979992,-0.572875286,-1.148878678,-0.362460681,-0.762071256,-0.534578137,-0.388488876,-0.274290037,-0.218967894,-0.529641199,-0.448947841,-0.539444922,-0.45306365,2.057324133,0.122136532,0.538818943,-0.365534623,0.161965112,"HUC-10"
"NRSA-12030","NRSA-12030","FW08ND044","Apple Creek","ND",46.74676239,-100.7427914,"6/26/2008","NRSA",4204.127,0.18,8.46,21.9,1788,261.5813,512.6,244.13,54.4,136,28,11672.4,290,-186.8,476.8,173.8,-102.2,199.6,-102.2,412.4,76.4,11,61,192.4,34.8,183.4,34.8,0,0.025421308,0.007712082,0,0,0.003141959,0.002856327,0,0.003141959,0,0.551842331,0.183090546,0.122822051,0.016566695,0.083404742,-0.101943863,-0.464834646,0.98860746,0.308732844,1.425994451,0.260873125,-0.056773095,-0.297930806,-1.19076378,0.245445485,-1.159988602,1.849869721,-0.288102801,-1.76860761,1.899397768,0.2563119,-1.362029717,-0.430723628,-1.610275877,-1.262559632,-0.732959199,-1.112799819,1.470895493,-0.849715429,-1.225673639,-0.567043606,-1.08350359,-0.3984228,-0.453989129,-0.456434655,-0.388488876,-0.274290037,-0.011856325,-0.691735901,-0.457025658,-0.52978854,-0.454457863,2.33077174,0.746394753,-0.151345207,-0.465081354,1.038327286,"HUC-10"
"NRSA-12032","NRSA-12032","FW08ND052","Cannonball River","ND",46.32399426,-101.8133071,"7/29/2008","NRSA",3335.551,0.18,8.71,22.3,1765.49,139.7269,689.67,0,58.5,139.33,29.5,11213.5,294.83,-169.5,464.33,173.83,-90.67,199.83,-90.67,420.5,85.17,8,69,208.67,26,186.17,26,0.002579536,0,0,0,0,0,0.068214388,0.00171969,0.00057323,0.000286615,0.73516767,0.004299226,0.177701347,0.003152766,0.006305532,-0.108503158,-0.464834646,1.400036578,0.387263611,1.399718773,-0.028079017,0.226818613,-0.404746815,-1.096901192,0.423642107,-0.905106327,1.568292595,-0.131189703,-1.485769223,1.6608969,0.25671161,-1.257589417,-0.42440425,-1.412869896,-1.241119407,-0.540663793,-1.220003766,1.885159276,-0.723794555,-1.322928324,-0.540120683,-1.142207751,-0.368990807,-0.784417544,-0.540850902,-0.388488876,-0.274290037,-0.218967894,-0.361705785,-0.447329504,-0.558980932,-0.453063251,3.261722149,-0.574094022,0.067017797,-0.549533204,-0.235743351,"HUC-10"
"NRSA-12034","NRSA-12034","FW08ND056","Hailstone Creek","ND",46.74136434,-101.4838374,"6/17/2008","NRSA",351.298,0.37,8.72,17.1,1873,269.0138,617.67,361.32,55.83,140.33,29,11477.33,293.83,-177.83,471.67,173.17,-98.67,198.83,-98.67,429.33,82.67,10,64.67,204,31.17,191.5,31.17,0.000286287,0.020612654,0.001145147,0,0,0,0.000286287,0,0,0,0.695104495,0.069567707,0.212997423,0,0,-0.13103958,-0.244122967,1.416493743,-0.633636372,1.525214028,0.27849774,0.111504878,-0.246655796,-1.158026341,0.477154607,-0.990067085,1.730176433,-0.163676887,-1.621956723,1.801281533,0.247918006,-1.330054499,-0.451879807,-1.549838486,-1.217746914,-0.595480043,-1.148534468,1.660939004,-0.759937793,-1.265791197,-0.488315925,-1.107719057,-0.395156322,-0.51649244,-0.528316153,-0.388488876,-0.274290037,-0.218967894,-0.704713499,-0.457025658,-0.56549542,-0.454457863,3.058276028,-0.092044353,0.20745978,-0.569382491,-0.339942774,"HUC-10"
"NRSA-12035","NRSA-12035","FW08ND057","Little Missouri River","ND",46.92584336,-103.5406523,"8/7/2008","NRSA",16036.048,0.27,8.52,21.1,1823.69,78.5931,734.4,0,63,150.6,31.8,10891.6,303.2,-164.8,468,175,-81.4,201.4,-81.4,382.8,80.6,8,69.2,192,28.8,168.6,28.8,0.036920435,0.015741271,0.058385804,0.003720664,0,0.002003434,0.048082427,0.009730967,0.018317115,0.486834574,0.318832284,0,0,0,0.001431025,-0.012591799,-0.360287008,1.087350448,0.151671308,1.467655,-0.173044997,0.29845727,-0.404746815,-0.993881278,1.026727974,-0.514286839,1.370777501,0.140728024,-1.408928736,1.731089216,0.27230027,-1.173620503,-0.381267624,-1.254157541,-1.340909098,-0.640867898,-1.220003766,1.89551587,-0.852811209,-1.291983651,-0.710891715,-1.123529154,0.02283202,-0.579811108,0.098238577,-0.339287078,-0.274290037,-0.086905585,-0.463363535,-0.402159401,-0.35733006,1.914381627,1.147515789,-0.605846568,-0.64005031,-0.569382491,-0.316294971,"HUC-10"
"NRSA-12036","NRSA-12036","FW08ND060","Cannonball River","ND",46.27686832,-101.0279655,"8/21/2008","NRSA",9491.243,0.16,8.56,21.7,851.65,88.0456,555,0,60,146.4,30,11573.6,301.8,-180.4,482.2,179.4,-95.4,204.8,-95.4,403.6,76.4,8,66.2,193.2,26,178.8,26,0.025121325,0,0,0,0,0,0.009420497,0,0,0,0.691407365,0,0.168427063,0.087639166,0.017984585,-0.062016726,-0.488067455,1.153179107,0.26946746,0.333003267,-0.150630377,0.011133882,-0.404746815,-1.06256122,0.801975477,-0.820145569,1.789246884,0.095245967,-1.663973756,2.002678016,0.330924291,-1.300434397,-0.287850729,-1.493852575,-1.285852717,-0.732959199,-1.220003766,1.740166952,-0.843523868,-1.322928324,-0.611753153,-1.142207751,-0.111793478,-0.784417544,-0.540850902,-0.388488876,-0.274290037,-0.218967894,-0.658589664,-0.457025658,-0.56549542,-0.454457863,3.039501511,-0.605846568,0.03011571,-0.017620983,-0.042746062,"HUC-10"
"NRSA-12804","NRSA-12804","FW08ND081","Coyote Creek","ND",47.09668968,-101.8016702,"5/19/2009","NRSA",57.009,0.23,8.26,12.5,1931.22,34.3788,656.2,0,53.6,136,29,11344.8,288.6,-176.4,465,169.6,-99,194.6,-99,436.2,87,10,65.2,210.2,32.4,194.8,32.4,0,0.022056717,0.002005156,0,0,0,0.004869665,0,0.00343741,0.19335434,0.423947293,0.038097966,0.309653394,0.002578058,0,-0.133261986,-0.406752625,0.659464165,-1.536740203,1.593173601,-0.277889933,0.173213742,-0.404746815,-1.209078431,0.245445485,-0.990067085,1.648857155,-0.333584858,-1.598577597,1.673711301,0.200352607,-1.333043684,-0.568101415,-1.555488441,-1.199562426,-0.500538298,-1.148534468,1.688383979,-0.711953195,-1.252197644,-0.456241685,-1.099513816,-0.3984228,-0.497722381,-0.518902517,-0.388488876,-0.274290037,-0.218967894,-0.68156941,-0.457025658,-0.526430879,0.486365613,1.681303759,-0.32446861,0.592050868,-0.553151469,-0.339942774,"HUC-10"
"NRSA-12882","NRSA-12882","FW08ND118","Otter Creek","ND",47.21306694,-101.6901873,"5/28/2009","NRSA",303.961,0.41,8.29,16.3,2187.5,49.31,596.17,0,54.5,137.67,29,11453.33,291.67,-178.17,469.83,171.67,-99.83,196.67,-99.83,429.5,85.33,9.83,65.67,206.83,32,192.5,32,0,0.035765379,0.000286123,0,0,0,0.005150215,0,0,0.313018598,0.485264664,0.012589413,0.144492132,0.000858369,0.002575107,-0.131397059,-0.19765735,0.708835659,-0.790697908,1.892326462,-0.242483725,0.077070916,-0.404746815,-1.188474449,0.334811358,-0.990067085,1.715450238,-0.233849204,-1.627515397,1.766089744,0.227932545,-1.340561936,-0.511227011,-1.569698932,-1.217296934,-0.537155553,-1.154609358,1.712721976,-0.738035146,-1.256618312,-0.478596458,-1.102182187,-0.3984228,-0.319535977,-0.537719007,-0.388488876,-0.274290037,-0.218967894,-0.680152753,-0.457025658,-0.56549542,1.068627915,1.992681509,-0.512865664,-0.065120632,-0.563978343,-0.297388924,"HUC-10"
"NRSA-12896","NRSA-12896","FW08ND142","Thirtymile Creek near Burt","ND",46.4305193,-102.1681364,"6/2/2009","NRSA",557.166,0.13,8.33,14.5,2293,20.2788,737.33,0,57.83,139.83,30,10964,291,-167.67,458.67,170,-86.5,196.5,-86.5,423.67,87,10,68,209.5,30,186.5,30,0,0.022642591,0.00114646,0,0,0,0,0,0,0,0.386930353,0.081685297,0.5075953,0,0,-0.12948491,-0.522916667,0.774664318,-1.144086363,2.015475466,-0.311325124,0.303149898,-0.404746815,-1.112239712,0.450398357,-0.820145569,1.415201523,-0.255615617,-1.45585048,1.552643899,0.205682064,-1.219816993,-0.515897856,-1.341475018,-1.232728602,-0.500538298,-1.148534468,1.833376303,-0.717370811,-1.278721649,-0.536913259,-1.115524041,-0.3984228,-0.490107139,-0.528301781,-0.388488876,-0.274290037,-0.218967894,-0.706159125,-0.457025658,-0.56549542,-0.454457863,1.493326823,-0.002548165,1.379655527,-0.569382491,-0.339942774,"HUC-10"
"NRSA-12914","NRSA-12914","FW08ND064","Crooked Creek near Emerson ND","ND",47.16788712,-102.6457541,"6/4/2009","NRSA",327.212,0.19,8.59,15.3,2549.18,42.5363,664.83,0,54.5,136.83,29,11181.5,285.67,-179.5,465.17,168.5,-94.33,193.67,-94.33,418.17,88.5,10,67.17,204.5,31,189,31,0,0.016323024,0.000286369,0,0,0,0.00744559,0,0.002004582,0.205899198,0.018613975,0.015177549,0.727376861,0.006872852,0,-0.131221472,-0.453218242,1.202550602,-0.987024828,2.314511597,-0.258546133,0.187035374,-0.404746815,-1.188474449,0.289860859,-0.990067085,1.548657668,-0.428772306,-1.64925962,1.676962716,0.185696602,-1.290742192,-0.593653684,-1.475533026,-1.24728678,-0.467648548,-1.148534468,1.790396436,-0.756068067,-1.26766998,-0.512614592,-1.108853114,-0.3984228,-0.572249431,-0.537716314,-0.388488876,-0.274290037,-0.218967894,-0.668562096,-0.457025658,-0.542714292,0.547406379,-0.37703264,-0.493750617,2.254159491,-0.526112166,-0.339942774,"HUC-10"
"NRSA-13129","NRSA-13129","FW08ND002","Deep Creek","ND",46.54627111,-103.5638483,"6/17/2009","NRSA",702.367,0.38,8.6,18.5,3800.84,25.115,810.67,0,59.67,145.67,31,10766.83,295.83,-162.83,458.67,170.5,-82.5,197.33,-82.5,378.5,80.33,8,69.5,192,28.5,166.5,28.5,0,0,0,0,0,0,0.014330754,0,0.001433075,0.402120952,0.579535684,0.002579536,0,0,0,-0.128388384,-0.232506562,1.219007766,-0.358778684,3.77556072,-0.299857091,0.420609749,-0.404746815,-1.070116014,0.762911353,-0.650224052,1.294219693,-0.09870252,-1.376721128,1.552643899,0.212343884,-1.183584452,-0.493093143,-1.272990722,-1.352290946,-0.646788053,-1.220003766,1.911050762,-0.852811209,-1.295299152,-0.731302595,-1.125530432,-0.3984228,-0.784417544,-0.540850902,-0.388488876,-0.274290037,-0.218967894,-0.633794977,-0.457025658,-0.5492092,1.502182116,2.471402263,-0.586795037,-0.64005031,-0.569382491,-0.339942774,"HUC-10"
"NRSA-13130","NRSA-13130","FW08ND138","Spring Creek","ND",46.01407078,-103.2878274,"6/16/2009","NRSA",455.975,0.11,8.46,18.7,3645.38,161.6125,857.8,3.55,62.4,145.2,31.8,10640.6,297.2,-156,453.2,170.8,-77.8,198,-77.8,396.8,83.8,8,71,203.6,27,171.4,27,0.028939828,0.01747851,0.006590258,0,0,0.005730659,0,0,0,0.331805158,0.448997135,0.054441261,0.075931232,0.003438395,0.026647564,-0.130249083,-0.546149476,0.98860746,-0.3195133,3.59409395,0.023818091,0.496092198,-0.403193557,-1.007617266,0.737760478,-0.514286839,1.216766042,-0.054195078,-1.265057186,1.448024834,0.216340977,-1.141011216,-0.47468452,-1.192521675,-1.303851918,-0.570703098,-1.220003766,1.988725221,-0.763033574,-1.311876655,-0.683677208,-1.135536823,-0.068225119,-0.557230321,-0.468714111,-0.388488876,-0.274290037,0.158785532,-0.706159125,-0.457025658,-0.56549542,1.160039552,1.808510182,-0.203762876,-0.337922311,-0.547734932,0.100410362,"HUC-10"
"NRSA-13161","NRSA-13161","FW08ND161","Turtle Creek","ND",47.31478407,-100.91521,"6/25/2009","NRSA",246.451,0.22,8.43,20.1,1288.07,190.0113,562.5,0,49.33,132,27,11999.17,287.5,-189.83,477.33,172.33,-109.33,197.33,-113.5,440.5,86,11,64.5,207.5,35,200,35,0.005729017,0.020338012,0.002864509,0.000572902,0,0.00658837,0.001145803,0,0,0.001718705,0.680320825,0,0.061014036,0.104268118,0.115439702,-0.131831362,-0.418369029,0.939235966,-0.044655612,0.842431592,0.091159887,0.023145729,-0.404746815,-1.306832883,0.031395487,-1.329910119,2.050373006,-0.36932076,-1.8181452,1.909534533,0.236726148,-1.426614221,-0.493093143,-1.803744011,-1.188180578,-0.522464798,-1.112799819,1.652135898,-0.732849713,-1.223463306,-0.405700457,-1.082169405,-0.333055855,-0.520062261,-0.509496062,-0.380912861,-0.274290037,0.215324103,-0.700373312,-0.457025658,-0.56549542,-0.446094989,2.983202589,-0.605846568,-0.397277368,0.087072113,1.567707573,"HUC-10"
"NRSA-13503","NRSA-13503","FW08ND072","Heart River","ND",46.56969834,-101.6613958,"7/23/2009","NRSA",4873.818,0.18,8.37,21.1,843.07,43.8481,634.6,320.9,56,139.6,29,11381.2,292.8,-175.4,468.2,173,-96.6,198.6,-96.6,422.2,84,8.6,67.4,205.8,28,189,28,0.022889843,0.001430615,0,0,0,0,0.032904149,0,0,0.000286123,0.299570815,0.106151645,0.474678112,0.060658083,0.001430615,-0.096886504,-0.464834646,0.840492977,0.151671308,0.322987926,-0.255435474,0.138619622,-0.264341058,-1.154134477,0.438090482,-0.990067085,1.671191885,-0.197138686,-1.582228557,1.73491441,0.245652987,-1.311304159,-0.458199185,-1.514397864,-1.236619606,-0.566317798,-1.198562976,1.802306519,-0.746006781,-1.300824986,-0.512614592,-1.128865896,-0.137254244,-0.765822284,-0.540850902,-0.388488876,-0.274290037,-0.218967894,-0.540007315,-0.457025658,-0.56549542,-0.453065645,1.049703492,0.178151535,1.248679065,-0.187489362,-0.316301746,"HUC-10"
"NRSA-13602","NRSA-13602","FW08ND038","Knife River","ND",47.34813679,-101.4005221,"8/5/2009","NRSA",6432.715,0.35,8.37,16.9,1416.93,84.4075,530.4,192.46,52.6,135.6,28,11724,290.2,-184.2,474.4,172.8,-106,198,-106,416.6,83,9,67,200.2,30,191,30,0.021209516,0.017770135,0.002006306,0,0,0,0.069647463,0,0,0.000859845,0.025508742,0,0.731155059,0.104327888,0.027515047,-0.085114057,-0.267355775,0.840492977,-0.672901756,0.992848471,-0.159257367,-0.028264977,-0.320538364,-1.231971745,0.224040485,-1.159988602,1.881531041,-0.281605364,-1.726100106,1.853495436,0.242988259,-1.396450631,-0.47468452,-1.675335958,-1.251442478,-0.588244298,-1.184269117,1.78159333,-0.789347708,-1.278721649,-0.493175658,-1.115524041,-0.156426441,-0.553439754,-0.518889929,-0.388488876,-0.274290037,-0.218967894,-0.354469372,-0.457025658,-0.56549542,-0.450274029,-0.342020098,-0.605846568,2.269192822,0.087448415,0.114745588,"HUC-10"
"NRSA-13609","NRSA-13609","FW08SD014","Moreau River","SD",45.15361622,-102.5972291,"7/9/2009","NRSA",4094.848,0.22,8.63,26.2,2745.43,97.1825,772.2,0,67.6,151.8,32,11000.2,309.6,-159.6,469.2,180.6,-77.4,207.6,-77.4,396.6,77.8,7,69,198.2,26.2,164.8,26.2,0.001145147,0,0,0,0,0,0,0,0,0.00543945,0.982822788,0.009447466,0,0,0.001145147,-0.102769114,-0.418369029,1.26837926,1.152938599,2.543592091,-0.128964135,0.358996981,-0.404746815,-0.888572032,1.090942974,-0.480302536,1.437413535,0.348646,-1.323913729,1.754040382,0.346912661,-1.137387962,-0.210919168,-1.185673246,-1.304381307,-0.702262099,-1.255738415,1.885159276,-0.804826611,-1.32071799,-0.747825689,-1.140873565,-0.3853569,-0.784417544,-0.540850902,-0.388488876,-0.274290037,-0.218967894,-0.706159125,-0.457025658,-0.56549542,-0.427990589,4.519347716,-0.536070961,-0.64005031,-0.569382491,-0.321019127,"HUC-10"
"NRSA-13610","NRSA-13610","FW08SD018","Bad River","SD",44.11269572,-100.9509769,"6/18/2009","NRSA",4635.55,0.29,8.23,20.9,2758.88,36.43,575.6,1.02,87,147.8,31.2,10929.2,326,-137.6,463.6,198.2,-56.4,226.2,-56.4,431.4,78,8,63.6,207.2,29,180.2,29,0.001432254,0.033801203,0.001145803,0,0,0,0.004296763,0.000286451,0,0.037525064,0.691205958,0,0.050128903,0.132340304,0.047837296,-0.098685852,-0.3370542,0.610092671,0.112405924,2.559292129,-0.273025942,0.044126423,-0.404300526,-0.444441737,0.876892976,-0.616239749,1.39384854,0.881435812,-0.964234856,1.64693494,0.581408746,-0.947167122,0.3001262,-0.826130695,-1.212267745,-0.697876799,-1.220003766,1.605531223,-0.735171549,-1.289773318,-0.5981459,-1.122194969,-0.382081067,-0.345066511,-0.528308972,-0.388488876,-0.274290037,-0.218967894,-0.684462319,-0.455410557,-0.56549542,-0.27186842,3.038478739,-0.605846568,-0.440588972,0.263809894,0.450572385,"HUC-10"
"NRSA-13779","NRSA-13779","FW08ND086","Spring Creek","ND",47.27720803,-102.131613,"7/7/2009","NRSA",1008.293,0.24,8.43,20.7,1992.83,55.9825,622.4,0.83,53.6,134.8,28.2,11380.2,287.4,-178.8,466.2,169.8,-99,195,-99,428,87.4,11,66,207.8,33,191.4,33,0,0.015754798,0,0,0,0,0.021197365,0,0.000572902,0.574906903,0.256373532,0.004010312,0.120022916,0.003723861,0.00343741,-0.126078099,-0.395136221,0.939235966,0.07314054,1.665090285,-0.226661291,0.11908035,-0.404383659,-1.209078431,0.181230485,-1.126004299,1.670578294,-0.372569478,-1.637815292,1.696662467,0.203017336,-1.333043684,-0.557111192,-1.555488441,-1.221267346,-0.491767698,-1.112799819,1.729810357,-0.730527878,-1.245566643,-0.489287872,-1.09551126,-0.3984228,-0.579635283,-0.540850902,-0.388488876,-0.274290037,-0.218967894,-0.599121543,-0.457025658,-0.558984659,2.342923933,0.830341954,-0.576227837,-0.162482878,-0.545937686,-0.283139297,"HUC-10"
"NRSA-13813","NRSA-13813","FW08ND054","Knife River at Hazen","ND",47.28432005,-101.618357,"8/4/2009","NRSA",5791.664,0.33,8.42,16.8,1524.09,77.5775,556.4,117.74,54.6,137.6,29,11571.6,292.2,-180,472.2,173,-102,198.2,-102,421.6,84.2,9,66.4,203.6,30.2,190.8,30.2,0,0.052691867,0.009736541,0.003150057,0,0.000572738,0.013745704,0,0,0,0.437285223,0.06443299,0.339919817,0.072451317,0.006013746,-0.089955133,-0.290588583,0.922778801,-0.692534448,1.117935175,-0.175453279,0.013376094,-0.353231159,-1.186185117,0.331065483,-0.990067085,1.788019701,-0.216630996,-1.65743414,1.811418298,0.245652987,-1.36021809,-0.469189408,-1.606851662,-1.238207771,-0.561932498,-1.184269117,1.750523546,-0.763033574,-1.276511315,-0.495119552,-1.114189856,-0.3984228,-0.099523985,-0.43427498,-0.346832744,-0.274290037,-0.181214165,-0.636749228,-0.457025658,-0.56549542,-0.454457863,1.749035538,-0.129967537,0.71248002,-0.113241136,-0.240565138,"HUC-10"
"NRSA-14251","NRSA-14251","FW08ND041","Little Missouri River","ND",47.38254187,-103.6116458,"8/27/2009","NRSA",20248.112,0.34,8.5,20.1,1986.15,103.1056,679.17,0,61.17,143.17,30,11170.17,299.67,-168.17,467.83,175.5,-88.33,201.5,-88.33,373.83,78.83,8,68.33,186.5,28,166,28,0.066857963,0,0,0,0,0.011190818,0.114490674,0.016642755,0.022094692,0.346341463,0.330846485,0,0,0.077474892,0.014060258,0.019216782,-0.278972179,1.054436119,-0.044655612,1.657292794,-0.114918746,0.210002026,-0.404746815,-1.035776043,0.629130105,-0.820145569,1.541705677,0.026048266,-1.464025,1.727837801,0.27896209,-1.236393381,-0.378520069,-1.372806583,-1.364652163,-0.679677804,-1.220003766,1.850464684,-0.895378192,-1.300824986,-0.736162329,-1.128865896,0.36441326,-0.784417544,-0.540850902,-0.388488876,-0.274290037,0.518708146,-0.12803043,-0.363188564,-0.314399681,1.230770299,1.208525496,-0.605846568,-0.64005031,-0.081613549,-0.107595881,"HUC-10"
"NRSA-14252","NRSA-14252","FW08ND042","Little Missouri River south of Marmarth","ND",46.00894285,-103.9219732,"7/28/2009","NRSA",9564.402,0.25,8.36,17,1934.05,36.98,896.4,0,61.2,154,33,10538,300.8,-159.2,460,169.2,-77,196.2,-77,359.6,76.2,8,68.8,182.2,27.2,153.2,27.2,0.013714286,0,0,0,0,0,0,0,0,0.258857143,0.726857143,0,0,0,0.000571429,-0.061464246,-0.383519817,0.824035813,-0.653269064,1.59647703,-0.271721733,0.557913172,-0.404746815,-1.035089243,1.208670472,-0.310381019,1.153811557,0.062758783,-1.317374114,1.578081442,0.195023151,-1.133764708,-0.524140523,-1.178824816,-1.402318139,-0.737344499,-1.220003766,1.874802681,-0.928657833,-1.309666321,-0.860571504,-1.134202638,-0.241945524,-0.784417544,-0.540850902,-0.388488876,-0.274290037,-0.218967894,-0.706159125,-0.457025658,-0.56549542,0.805089128,3.21952019,-0.605846568,-0.64005031,-0.569382491,-0.330499863,"HUC-10"
"NRSA-14255","NRSA-14255","FW08ND058","Little Missouri River near Three V Crossing","ND",46.52902722,-103.8015519,"7/29/2009","NRSA",13116.752,0.27,8.5,16.9,1986.15,69.6175,804,0,59.2,151.4,32,10771.6,298.2,-166.2,464.4,170.2,-83.2,196.6,-83.2,364,75.4,8.6,65.2,179.4,31,156.2,31,0.066991125,0,0,0,0,0,0,0,0,0.296879473,0.408531348,0,0.226739193,0,0.000858861,-0.03463768,-0.360287008,1.054436119,-0.672901756,1.657292794,-0.194328749,0.409927213,-0.404746815,-1.080875872,1.069537974,-0.480302536,1.297146524,-0.021707894,-1.431817392,1.662235718,0.208346792,-1.189925147,-0.5131503,-1.284975474,-1.390671597,-0.754885699,-1.198562976,1.688383979,-0.950328296,-1.26766998,-0.831413103,-1.108853114,0.365932612,-0.784417544,-0.540850902,-0.388488876,-0.274290037,-0.218967894,-0.706159125,-0.457025658,-0.56549542,0.990098167,1.603019543,-0.605846568,0.262137853,-0.569382491,-0.325750027,"HUC-10"
"NRSA-14256","NRSA-14256","FW08ND074","North Fork Grand River","ND",45.96721428,-103.1883362,"7/27/2009","NRSA",1339.151,0.22,8.45,23,1762,114.73,847.83,0,62.33,147.33,32,10640.17,298.5,-156.83,455.33,171.33,-77.33,198.33,-77.33,401.17,84,8,71,205.83,27,172.67,27,0.005156116,0.030936694,0.00343741,0,0,0,0,0,0,0.050988256,0.332569464,0.021197365,0.545402463,0,0.010312231,-0.123579532,-0.418369029,0.972150295,0.524692455,1.395644933,-0.087353921,0.480124449,-0.404746815,-1.009219798,0.851742102,-0.480302536,1.216502197,-0.011961739,-1.278626889,1.488763153,0.223402507,-1.136753893,-0.465617586,-1.184474771,-1.292284784,-0.566317798,-1.220003766,1.988725221,-0.745774597,-1.311876655,-0.671333485,-1.135536823,-0.339592542,-0.382299653,-0.503225102,-0.388488876,-0.274290037,-0.218967894,-0.706159125,-0.457025658,-0.56549542,-0.206359226,1.217275012,-0.449290408,1.530089047,-0.569382491,-0.169532328,"HUC-10"
"NRSA-14785","NRSA-14785","FW08SD015","North Fork Moreau River","SD",45.33701201,-103.3447206,"8/26/2009","NRSA",200.221,0.21,8.69,23.6,1842.62,63.5494,905.67,0,67,148.83,32,10540.5,303.83,-149.33,453.17,174.5,-62.33,202,-70.83,399.67,80,8,69,203.33,28,166,28,0,0,0,0,0,0,0,0,0,0.044501866,0.955498134,0,0,0,0,-0.132180481,-0.429985434,1.367122249,0.642488607,1.489751784,-0.208717975,0.572759816,-0.404746815,-0.902308021,0.932010851,-0.480302536,1.155345535,0.16119495,-1.156009092,1.447451054,0.265638449,-1.000881864,-0.36478229,-1.073187791,-1.296255196,-0.654023799,-1.220003766,1.885159276,-0.765123226,-1.300824986,-0.736162329,-1.128865896,-0.3984228,-0.784417544,-0.540850902,-0.388488876,-0.274290037,-0.218967894,-0.706159125,-0.457025658,-0.56549542,-0.2379207,4.380589495,-0.605846568,-0.64005031,-0.569382491,-0.339942774,"HUC-10"
"NRSA-14786","NRSA-14786","FW08SD017","Bear Butte Creek","SD",44.47407591,-103.2200598,"8/18/2009","NRSA",496.925,0.38,8.13,18.8,2045.14,17.8769,860.2,587.31,81.8,142,32,10092.6,307.6,-127,434.6,132.4,-38.2,212.8,-47.8,439.4,83.6,9.8,64.6,212.8,36,174.8,36,0.003149155,0.006870885,0.006584598,0,0,0,0.002004008,0,0.003149155,0.073575723,0.578585743,0.203836244,0,0.06384197,0.058402519,-0.129939837,-0.232506562,0.445521024,-0.299880608,1.72615118,-0.317020726,0.499935989,-0.147776716,-0.563486971,0.56652048,-0.480302536,0.880517915,0.283671632,-0.790935035,1.092281758,-0.295286846,-0.78230906,-0.06804627,-0.67888946,-1.191092214,-0.575088398,-1.155681397,1.657314195,-0.691830621,-1.212411637,-0.650631021,-1.075498478,-0.362491568,-0.695109172,-0.468776065,-0.388488876,-0.274290037,-0.218967894,-0.696039746,-0.457025658,-0.529706761,-0.096453137,2.466578337,0.899615063,-0.64005031,-0.167444142,0.625163543,"HUC-10"
"NRSA-14789","NRSA-14789","FW08SD032","Sulphur Creek","SD",44.80319838,-102.5440453,"8/27/2009","NRSA",1237.233,0.28,8.07,23.5,2467.87,98.0444,791.6,7.41,73,148.4,32,10796.2,310.8,-149.4,460.2,183.2,-68.4,211.4,-68.4,397.4,78.8,7.2,69.6,200,26.4,165.6,26.4,0.010595647,0,0,0,0,0,0.010595647,0,0,0.003150057,0.57187858,0.221363116,0.108247423,0.065292096,0.008877434,-0.124349194,-0.348670604,0.346778035,0.622855915,2.219599317,-0.12692032,0.390067626,-0.401504662,-0.764948136,0.909000476,-0.480302536,1.312240874,0.38763062,-1.157153524,1.581906636,0.381554128,-1.055864745,-0.10651205,-1.031583581,-1.302263753,-0.680335599,-1.248591485,1.916229059,-0.790895599,-1.318507656,-0.740050115,-1.13953938,-0.277528575,-0.784417544,-0.540850902,-0.388488876,-0.274290037,-0.218967894,-0.652655662,-0.457025658,-0.56549542,-0.439130316,2.432518473,1.029062274,-0.209337197,-0.158314392,-0.193242464,"HUC-10"
"NRSA-14791","NRSA-14791","FW08SD035","Plum Creek","SD",44.59102841,-101.4489637,"7/13/2009","NRSA",921.933,0.45,8.26,25.7,4545.92,45.565,577.2,0,82.4,144,30.4,11198,322.6,-144.2,466.8,196.4,-65.6,224.6,-65.6,419.2,74.2,7.2,64.4,203,29.4,172,29.4,0,0,0,0,0,0,0,0,0,0,0.979334099,0,0,0.002009185,0.018656716,-0.12673027,-0.151191733,0.659464165,1.054775139,4.645284511,-0.251364206,0.04668895,-0.404746815,-0.549750982,0.673545479,-0.752176962,1.558781927,0.770979388,-1.072138518,1.70813805,0.557426192,-1.030501966,0.256165308,-0.983644574,-1.244560431,-0.781197499,-1.248591485,1.646957601,-0.767677244,-1.28535265,-0.677845528,-1.119526598,-0.3984228,-0.784417544,-0.540850902,-0.388488876,-0.274290037,-0.218967894,-0.706159125,-0.457025658,-0.56549542,-0.454457863,4.50163169,-0.605846568,-0.64005031,-0.556732999,-0.031639043,"HUC-10"
"NRSA-14795","NRSA-14795","FW08SD040","Moreau River","SD",45.25933104,-100.9108892,"9/15/2009","NRSA",12007.802,0.22,8.31,19,3509.97,27.5481,549.2,19.43,73.6,134,28,11409.2,308.4,-156.4,464.8,190.4,-74.6,216.6,-78.8,429.6,76.6,8,61.8,199.8,31.6,176,31.6,0.034156142,0,0,0,0,0,0,0,0,0,0.896096441,0,0,0.038174512,0.031572905,-0.043012226,-0.418369029,0.741749989,-0.260615224,3.436031328,-0.294087504,0.00184472,-0.396245463,-0.751212147,0.138420486,-1.159988602,1.688372446,0.309661379,-1.271596802,1.669886106,0.477484345,-1.112025183,0.036360849,-1.209642749,-1.21703224,-0.728573899,-1.220003766,1.512321872,-0.792443489,-1.261038979,-0.638967661,-1.104850558,-0.008708013,-0.784417544,-0.540850902,-0.388488876,-0.274290037,-0.218967894,-0.706159125,-0.457025658,-0.56549542,-0.454457863,4.078939812,-0.605846568,-0.64005031,-0.329042158,0.181802017,"HUC-10"
"NRSA-14801","NRSA-14801","FW08SD060","South Fork Moreau River","SD",45.10777476,-102.8961217,"8/26/2009","NRSA",2490.275,0.19,8.45,22.4,13095.27,66.4256,811.75,47807.16,67.5,151,32,10904.25,308.5,-157.75,466.25,178.75,-76.25,207,-76.25,397.75,79,8,67.5,199.5,29,165,29,0,0,0,0,0,0,0,0,0,0.022902949,0.973089035,0,0,0,0.004008016,-0.114886497,-0.453218242,0.972150295,0.406896303,14.6248479,-0.20189767,0.422339455,20.51267437,-0.890861364,1.048132974,-0.480302536,1.378539433,0.312910098,-1.293668006,1.697618765,0.322263924,-1.126971107,-0.227404503,-1.165984011,-1.301337324,-0.675950299,-1.220003766,1.807484817,-0.794765324,-1.289773318,-0.745881795,-1.122194969,-0.3984228,-0.784417544,-0.540850902,-0.388488876,-0.274290037,-0.218967894,-0.706159125,-0.457025658,-0.56549542,-0.343016702,4.469918426,-0.605846568,-0.64005031,-0.569382491,-0.273709987,"HUC-10"
"NRSA-14802","NRSA-14802","FW08SD063","Cheyenne River","SD",44.5204035,-101.9940786,"9/17/2009","NRSA",55224.047,0.31,8.07,18,1771.83,1452.613,628,639.79,83,150.8,32,10968.4,323.8,-142.2,466,194.6,-61.2,223,-61.2,399.2,74.4,7.2,66,198,26.8,165,26.8,0.017201835,0.004013761,0.00315367,0,0,0.022649083,0.018922018,0.002866972,0.002866972,0.001720183,0.493119266,0,0.004300459,0.03641055,0.392775229,0.28334735,-0.313821392,0.346778035,-0.456942144,1.407119386,3.085154903,0.128049196,-0.124814752,-0.536014994,1.037430474,-0.480302536,1.417901326,0.809964008,-1.039440438,1.692837272,0.533443638,-0.990646171,0.212204416,-0.908311849,-1.297499259,-0.776812199,-1.248591485,1.729810357,-0.806374501,-1.314086989,-0.745881795,-1.136871009,-0.202153284,-0.732246323,-0.506330913,-0.388488876,-0.274290037,1.27401375,-0.610611067,-0.440860767,-0.532913637,-0.446087797,2.032568221,-0.605846568,-0.622938918,-0.340147767,6.15069943,"HUC-10"
"NRSA-14804","NRSA-14804","FW08SD067","Cherry Creek","SD",44.75803488,-101.9992788,"9/16/2009","NRSA",3177.101,0.24,8.34,19,2880.78,23.5975,686,0,77.75,147.25,31,11008.75,318,-146.5,464.5,189.5,-66.75,218,-66.75,403.75,76.25,7.25,66.75,201,27.25,168.75,27.25,0.002285714,0,0,0,0,0,0.029714286,0,0.004285714,0.003714286,0.930857143,0,0,0.025428571,0.003714286,-0.109699738,-0.395136221,0.791121483,-0.260615224,2.701584675,-0.303455523,0.220940815,-0.404746815,-0.656204893,0.847461102,-0.650224052,1.442659742,0.621538343,-1.109741309,1.664148315,0.465493067,-1.040918822,0.074826629,-1.003333809,-1.285455675,-0.736248174,-1.246804752,1.768647587,-0.783156147,-1.309113738,-0.709433795,-1.133869092,-0.372343258,-0.784417544,-0.540850902,-0.388488876,-0.274290037,-0.218967894,-0.556114752,-0.457025658,-0.516790305,-0.436384891,4.255459272,-0.605846568,-0.64005031,-0.409288467,-0.278563899,"HUC-10"
"NRSA-14806","NRSA-14806","FW08SD072","North Fork Grand River","SD",45.94132831,-103.0026083,"8/4/2009","NRSA",1542.696,0.21,8.63,22.1,2192.6,37.0375,820.6,0,61.6,148.2,32,10662.8,298,-159.4,457.4,170.6,-78.4,197.6,-78.4,406,84,8,72,208.2,26.8,174.6,26.8,0.003147353,0.004005722,0,0,0,0,0,0,0,0.21316166,0.641201717,0.00286123,0.135622318,0,0,-0.122042405,-0.429985434,1.26837926,0.347998227,1.898279636,-0.271585383,0.436513435,-0.404746815,-1.025931918,0.898297976,-0.480302536,1.230387772,-0.028205331,-1.320643921,1.528353915,0.213676249,-1.146446097,-0.485674743,-1.20279432,-1.279500057,-0.566317798,-1.220003766,2.040508194,-0.727432097,-1.314086989,-0.652574914,-1.136871009,-0.362512128,-0.732350814,-0.540850902,-0.388488876,-0.274290037,-0.218967894,-0.706159125,-0.457025658,-0.56549542,0.582744063,2.784550565,-0.584714546,-0.100413345,-0.569382491,-0.339942774,"HUC-10"
"NRSA-14808","NRSA-14808","FW08SD075","Bad River","SD",44.34478317,-100.3712667,"7/29/2009","NRSA",8124.137,0.3,8.25,21.8,2418.72,186.43,468.8,0,85.2,137.4,29,11168.4,321.2,-140.2,461.4,197.4,-41.2,226.8,-62.2,432.6,79.8,8.4,64.4,209.2,31.2,184.8,31.2,0.091743119,0.040997706,0.13646789,0.079701835,0.014908257,0,0.016055046,0.001720183,0,0.006020642,0.444094037,0.005447248,0.050745413,0.080848624,0.03125,-0.07234081,-0.325437796,0.643007001,0.289100152,2.162227056,0.082667585,-0.126922283,-0.404746815,-0.485649703,0.320362984,-0.990067085,1.54061962,0.725497331,-1.006742359,1.604857802,0.570749833,-0.809483466,0.316611535,-0.925432923,-1.209091416,-0.658409099,-1.205709906,1.646957601,-0.719692646,-1.265459647,-0.553436353,-1.107518929,0.64834794,-0.251525726,0.952923042,0.665482579,0.072750217,-0.218967894,-0.625088043,-0.447326724,-0.56549542,-0.425162625,1.783611599,-0.565615142,-0.438135898,-0.060373098,0.176465986,"HUC-10"
"NRSA-14814","NRSA-14814","FW08SD091","North Fork Grand River","SD",45.79515224,-102.3503282,"8/4/2009","NRSA",3141.084,0.21,8.59,20.9,2752.98,19.725,740,0,67.17,144.17,31,10867.67,302.5,-155.67,458.17,178.33,-75.67,205.33,-75.67,419.5,81.83,9,66.17,206.17,30,176.33,30,0.006303725,0.010028653,0.002578797,0.000286533,0.000573066,0.000573066,0.02234957,0,0,0.004584527,0.875644699,0,0.065616046,0.008309456,0.003151862,-0.10997173,-0.429985434,1.202550602,0.112405924,2.552405124,-0.312638345,0.307426116,-0.404746815,-0.898416158,0.682642604,-0.650224052,1.356094257,0.117986996,-1.259662003,1.543080913,0.316667995,-1.121717388,-0.273288684,-1.156053788,-1.243766348,-0.613898303,-1.184269117,1.738613463,-0.743143184,-1.278721649,-0.635760236,-1.115524041,-0.326498551,-0.654064223,-0.512623458,-0.384699784,-0.260949982,-0.181192544,-0.593303403,-0.457025658,-0.56549542,-0.432150473,3.975083151,-0.605846568,-0.378966114,-0.517067548,-0.287858001,"HUC-10"
"NRSA-14815","NRSA-14815","FW08SD092","Crooked Creek","SD",45.90932765,-103.4290444,"8/5/2009","NRSA",127.107,0.36,9.02,16.6,2998.75,151.5688,896.5,0,63.5,145.67,32,10568,298.83,-152.5,451.33,171.33,-74.83,198.67,-74.83,396.67,83,8,69.83,202.17,28,168.83,28,0,0.017498566,0.005163511,0,0,0,0,0,0,0.394434882,0.537865749,0.018359151,0.026678141,0,0,-0.132732621,-0.255739371,1.910208685,-0.731799832,2.839289775,1.56e-06,0.55807333,-0.404746815,-0.982434621,0.762911353,-0.480302536,1.172219301,-0.001240969,-1.207835547,1.412259266,0.223402507,-1.114108555,-0.456275896,-1.141672086,-1.304196021,-0.588244298,-1.220003766,1.928139143,-0.774100989,-1.300824986,-0.708656237,-1.128865896,-0.3984228,-0.556969632,-0.484331246,-0.388488876,-0.274290037,-0.218967894,-0.706159125,-0.457025658,-0.56549542,1.46478324,2.259796801,-0.470252442,-0.533898821,-0.569382491,-0.339942774,"HUC-10"
"NRSA-14821","NRSA-14821","FW08SD105","Alkali Creek","SD",44.37458714,-103.177335,"9/11/2009","NRSA",166.059,0.38,7.93,19.3,3844.22,62.1094,867.5,915.3,83.17,140.83,32,9990.67,307,-124.5,431.5,158.5,-33.67,213,-44.5,436,83.17,10,64.67,211.83,35.33,175.67,35.33,0.002862049,0,0,0,0,0,0.004865484,0.00057241,0.002003434,0.00171723,0.667716085,0.123354322,0,0.079564969,0.117344018,-0.132438464,-0.232506562,0.116377729,-0.201717148,3.826197723,-0.212132633,0.511627521,-0.004268819,-0.53212313,0.503910856,-0.480302536,0.817974537,0.264179322,-0.750062435,1.032991246,0.05246019,-0.741275707,-0.062551158,-0.622389916,-1.200091815,-0.584516793,-1.148534468,1.660939004,-0.699337889,-1.219816255,-0.642175085,-1.079967999,-0.36576739,-0.784417544,-0.540850902,-0.388488876,-0.274290037,-0.218967894,-0.681590522,-0.45379823,-0.542727339,-0.446102166,2.919194046,0.305204357,-0.64005031,-0.068454775,1.599176548,"HUC-10"
"NRSA-9694","NRSA-9694","FW08ND018","Spring Creek","ND",47.37906317,-102.7052533,"7/22/2008","NRSA",176.511,0.11,8.36,22.2,1682.1,150.1,690.6,6.73,52.4,136.6,28.8,11321.2,284.4,-184,468.4,167.4,-99.2,192.8,-99.2,424.2,89,10.8,66,206.2,32.8,191.2,32.8,0.00658083,0.012589413,0.001430615,0,0,0,0,0,0,0.546781116,0.367095851,0.003433476,0.05751073,0,0.004577969,-0.132359533,-0.546149476,0.824035813,0.367630919,1.302378531,-0.003481387,0.228308082,-0.401802188,-1.236550408,0.277552984,-1.024051389,1.634376397,-0.470031029,-1.722830298,1.738739605,0.171040597,-1.334855311,-0.617557419,-1.558912656,-1.231325723,-0.456685298,-1.119946749,1.729810357,-0.742911,-1.247776977,-0.491231765,-1.096845445,-0.323336838,-0.620779238,-0.525191428,-0.388488876,-0.274290037,-0.218967894,-0.706159125,-0.457025658,-0.56549542,2.206069489,1.392604589,-0.580488142,-0.411216913,-0.569382491,-0.264291468,"HUC-10"
